,AF0,AF1,AF2,AF3,AF4,AF5,AF6,AF7,AF8,AF9,AF10,AF11,AF12,AF13,AF14,AF15
,,,,,,,,,,,,,,,,
PA0,-,TIM2_CH1,TIM5_CH1,TIM8_ETR,-,-,SPI3_RDY,USART2_CTS,UART4_TX,-,OCTOSPIM_P2_NCS,-,SDMMC2_CMD,AUDIOCLK,TIM2_ETR,EVENTOUT
PA1,LPTIM1_CH2,TIM2_CH2,TIM5_CH2,-,I2C1_SMBA,SPI1_SCK,-,USART2_RTS/USART2_DE,UART4_RX,-,OCTOSPIM_P1_DQS,LPGPIO1_P0,-,-,TIM15_CH1N,EVENTOUT
PA2,-,TIM2_CH3,TIM5_CH3,-,-,SPI1_RDY,-,USART2_TX,LPUART1_TX,-,OCTOSPIM_P1_NCS,UCPD1_FRSTX1,-,-,TIM15_CH1,EVENTOUT
PA3,-,TIM2_CH4,TIM5_CH4,SAI1_CK1,-,-,-,USART2_RX,LPUART1_RX,-,OCTOSPIM_P1_CLK,LPGPIO1_P1,-,SAI1_MCLK_A,TIM15_CH2,EVENTOUT
PA4,-,-,-,OCTOSPIM_P1_NCS,-,SPI1_NSS,SPI3_NSS,USART2_CK,-,-,DCMI_HSYNC/PSSI_DE,-,-,SAI1_FS_B,LPTIM2_CH1,EVENTOUT
PA5,CSLEEP,TIM2_CH1,TIM2_ETR,TIM8_CH1N,PSSI_D14,SPI1_SCK,-,USART3_RX,-,-,-,-,-,-,LPTIM2_ETR,EVENTOUT
PA6,CDSTOP,TIM1_BKIN,TIM3_CH1,TIM8_BKIN,DCMI_PIXCLK/PSSI_PDCK,SPI1_MISO,-,USART3_CTS,LPUART1_CTS,-,OCTOSPIM_P1_IO3,LPGPIO1_P2,-,-,TIM16_CH1,EVENTOUT
PA7,SRDSTOP,TIM1_CH1N,TIM3_CH2,TIM8_CH1N,I2C3_SCL,SPI1_MOSI,-,USART3_TX,-,-,OCTOSPIM_P1_IO2,-,-,LPTIM2_CH2,TIM17_CH1,EVENTOUT
PA8,MCO,TIM1_CH1,-,SAI1_CK2,-,SPI1_RDY,-,USART1_CK,-,-,OTG_FS_SOF,-,TRACECLK,SAI1_SCK_A,LPTIM2_CH1,EVENTOUT
PA9,-,TIM1_CH2,-,SPI2_SCK,-,DCMI_D0/PSSI_D0,-,USART1_TX,-,-,-,-,-,SAI1_FS_A,TIM15_BKIN,EVENTOUT
PA10,CRS_SYNC,TIM1_CH3,LPTIM2_IN2,SAI1_D1,-,DCMI_D1/PSSI_D1,-,USART1_RX,-,-,OTG_FS_ID,-,-,SAI1_SD_A,TIM17_BKIN,EVENTOUT
PA11,-,TIM1_CH4,TIM1_BKIN2,-,-,SPI1_MISO,-,USART1_CTS,-,FDCAN1_RX,-,-,-,-,-,EVENTOUT
PA12,-,TIM1_ETR,-,-,-,SPI1_MOSI,OCTOSPIM_P2_NCS,USART1_RTS/USART1_DE,-,FDCAN1_TX,-,-,-,-,-,EVENTOUT
PA13,JTMS/SWDIO,IR_OUT,-,-,-,-,-,-,-,-,OTG_FS_NOE,-,-,SAI1_SD_B,-,EVENTOUT
PA14,JTCK/SWCLK,LPTIM1_CH1,-,-,I2C1_SMBA,I2C4_SMBA,-,-,-,-,OTG_FS_SOF,-,-,SAI1_FS_B,-,EVENTOUT
PA15,JTDI,TIM2_CH1,TIM2_ETR,USART2_RX,-,SPI1_NSS,SPI3_NSS,USART3_RTS/USART3_,UART4_RTS/UART4_DE,-,-,-,-,SAI2_FS_B,-,EVENTOUT
,,,,,,,,,,,,,,,,
PB0,-,TIM1_CH2N,TIM3_CH3,TIM8_CH2N,LPTIM3_CH1,SPI1_NSS,-,USART3_CK,-,-,OCTOSPIM_P1_IO1,LPGPIO1_P9,COMP1_OUT,AUDIOCLK,-,EVENTOUT
PB1,-,TIM1_CH3N,TIM3_CH4,TIM8_CH3N,LPTIM3_CH2,-,MDF1_SDI0,USART3_RTS/USART3_DE,LPUART1_RTS/LPUART1_DE,-,OCTOSPIM_P1_IO0,LPGPIO1_P3,-,-,LPTIM2_IN1,EVENTOUT
PB2,-,LPTIM1_CH1,-,TIM8_CH4N,I2C3_SMBA,SPI1_RDY,MDF1_CKI0,-,-,-,OCTOSPIM_P1_DQS,UCPD1_FRSTX1,-,-,-,EVENTOUT
PB3,JTDO/TRACESWO,TIM2_CH2,LPTIM1_CH1,ADF1_CCK0,I2C1_SDA,SPI1_SCK,SPI3_SCK,USART1_RTS/USART1_DE,-,-,CRS_SYNC,LPGPIO1_P11,SDMMC2_D2,SAI1_SCK_B,-,EVENTOUT
PB4,NJTRST,LPTIM1_CH2,TIM3_CH1,ADF1_SDI0,I2C3_SDA,SPI1_MISO,SPI3_MISO,USART1_CTS,UART5_RTS/UART5_DE,TSC_G2_IO1,DCMI_D12/PSSI_D12,LPGPIO1_P12,SDMMC2_D3,SAI1_MCLK_B,TIM17_BKIN,EVENTOUT
PB5,-,LPTIM1_IN1,TIM3_CH2,OCTOSPIM_P1_NCLK,I2C1_SMBA,SPI1_MOSI,SPI3_MOSI,USART1_CK,UART5_CTS,TSC_G2_IO2,DCMI_D10/PSSI_D10,-,COMP2_OUT,SAI1_SD_B,TIM16_BKIN,EVENTOUT
PB6,-,LPTIM1_ETR,TIM4_CH1,TIM8_BKIN2,I2C1_SCL,I2C4_SCL,MDF1_SDI5,USART1_TX,-,TSC_G2_IO3,DCMI_D5/PSSI_D5,-,-,SAI1_FS_B,TIM16_CH1N,EVENTOUT
PB7,-,LPTIM1_IN2,TIM4_CH2,TIM8_BKIN,I2C1_SDA,I2C4_SDA,MDF1_CKI5,USART1_RX,UART4_CTS,TSC_G2_IO4,DCMI_VSYNC/PSSI_RDY,-,FMC_NL,-,TIM17_CH1N,EVENTOUT
PB8,-,-,TIM4_CH3,SAI1_CK1,I2C1_SCL,MDF1_CCK0,SPI3_RDY,-,SDMMC1_CKIN,FDCAN1_RX,DCMI_D6/PSSI_D6,SDMMC2_D4,SDMMC1_D4,SAI1_MCLK_A,TIM16_CH1,EVENTOUT
PB9,-,IR_OUT,TIM4_CH4,SAI1_D2,I2C1_SDA,SPI2_NSS,-,-,SDMMC1_CDIR,FDCAN1_TX,DCMI_D7/PSSI_D7,SDMMC2_D5,SDMMC1_D5,SAI1_FS_A,TIM17_CH1,EVENTOUT
PB10,-,TIM2_CH3,LPTIM3_CH1,I2C4_SCL,I2C2_SCL,SPI2_SCK,-,USART3_TX,LPUART1_RX,TSC_SYNC,OCTOSPIM_P1_CLK,LPGPIO1_P4,COMP1_OUT,SAI1_SCK_A,-,EVENTOUT
PB11,-,TIM2_CH4,-,I2C4_SDA,I2C2_SDA,SPI2_RDY,-,USART3_RX,LPUART1_TX,-,OCTOSPIM_P1_NCS,-,COMP2_OUT,-,-,EVENTOUT
PB12,-,TIM1_BKIN,-,-,I2C2_SMBA,SPI2_NSS,MDF1_SDI1,USART3_CK,LPUART1_RTS/LPUART1_DE,TSC_G1_IO1,OCTOSPIM_P1_NCLK,-,-,SAI2_FS_A,TIM15_BKIN,EVENTOUT
PB13,-,TIM1_CH1N,LPTIM3_IN1,-,I2C2_SCL,SPI2_SCK,MDF1_CKI1,USART3_CTS,LPUART1_CTS,TSC_G1_IO2,-,-,-,SAI2_SCK_A,TIM15_CH1N,EVENTOUT
PB14,-,TIM1_CH2N,LPTIM3_ETR,TIM8_CH2N,I2C2_SDA,SPI2_MISO,MDF1_SDI2,USART3_RTS/USART3_DE,-,TSC_G1_IO3,-,-,SDMMC2_D0,SAI2_MCLK_A,TIM15_CH1,EVENTOUT
PB15,RTC_REFIN,TIM1_CH3N,LPTIM2_IN2,TIM8_CH3N,-,SPI2_MOSI,MDF1_CKI2,-,-,-,-,FMC_NBL1,SDMMC2_D1,SAI2_SD_A,TIM15_CH2,EVENTOUT
,,,,,,,,,,,,,,,,
PC0,-,LPTIM1_IN1,-,OCTOSPIM_P1_IO7,I2C3_SCL,SPI2_RDY,MDF1_SDI4,-,LPUART1_RX,-,-,-,SDMMC1_D5,SAI2_FS_A,LPTIM2_IN1,EVENTOUT
PC1,TRACED0,LPTIM1_CH1,-,SPI2_MOSI,I2C3_SDA,-,MDF1_CKI4,-,LPUART1_TX,-,OCTOSPIM_P1_IO4,-,SDMMC2_CK,SAI1_SD_A,-,EVENTOUT
PC2,-,LPTIM1_IN2,-,-,-,SPI2_MISO,MDF1_CCK1,-,-,-,OCTOSPIM_P1_IO5,LPGPIO1_P5,-,-,-,EVENTOUT
PC3,-,LPTIM1_ETR,LPTIM3_CH1,SAI1_D1,-,SPI2_MOSI,-,-,-,-,OCTOSPIM_P1_IO6,-,-,SAI1_SD_A,LPTIM2_ETR,EVENTOUT
PC4,-,-,-,-,-,-,-,USART3_TX,-,-,OCTOSPIM_P1_IO7,-,-,-,-,EVENTOUT
PC5,-,TIM1_CH4N,-,SAI1_D3,PSSI_D15,-,-,USART3_RX,-,-,-,-,-,-,-,EVENTOUT
PC6,CSLEEP,-,TIM3_CH1,TIM8_CH1,-,-,MDF1_CKI3,-,SDMMC1_D0DIR,TSC_G4_IO1,DCMI_D0/PSSI_D0,SDMMC2_D6,SDMMC1_D6,SAI2_MCLK_A,-,EVENTOUT
PC7,CDSTOP,-,TIM3_CH2,TIM8_CH2,-,-,MDF1_SDI3,-,SDMMC1_D123DIR,TSC_G4_IO2,DCMI_D1/PSSI_D1,SDMMC2_D7,SDMMC1_D7,SAI2_MCLK_B,LPTIM2_CH2,EVENTOUT
PC8,SRDSTOP,-,TIM3_CH3,TIM8_CH3,-,-,-,-,-,TSC_G4_IO3,DCMI_D2/PSSI_D2,-,SDMMC1_D0,-,LPTIM3_CH1,EVENTOUT
PC9,TRACED0,TIM8_BKIN2,TIM3_CH4,TIM8_CH4,DCMI_D3/PSSI_D3,-,-,-,-,TSC_G4_IO4,OTG_FS_NOE,-,SDMMC1_D1,-,LPTIM3_CH2,EVENTOUT
PC10,TRACED1,-,LPTIM3_ETR,ADF1_CCK1,-,-,SPI3_SCK,USART3_TX,UART4_TX,TSC_G3_IO2,DCMI_D8/PSSI_D8,LPGPIO1_P8,SDMMC1_D2,SAI2_SCK_B,-,EVENTOUT
PC11,-,-,LPTIM3_IN1,ADF1_SDI0,DCMI_D2/PSSI_D2,OCTOSPIM_P1_NCS,SPI3_MISO,USART3_RX,UART4_RX,TSC_G3_IO3,DCMI_D4/PSSI_D4,UCPD1_FRSTX2,SDMMC1_D3,SAI2_MCLK_B,-,EVENTOUT
PC12,TRACED3,-,-,-,-,-,SPI3_MOSI,USART3_CK,UART5_TX,TSC_G3_IO4,DCMI_D9/PSSI_D9,LPGPIO1_P10,SDMMC1_CK,SAI2_SD_B,-,EVENTOUT
PC13,-,-,-,-,-,-,-,-,-,-,-,-,-,-,-,EVENTOUT
PC14,-,-,-,-,-,-,-,-,-,-,-,-,-,-,-,EVENTOUT
PC15,-,-,-,-,-,-,-,-,-,-,-,-,-,-,-,EVENTOUT
,,,,,,,,,,,,,,,,
PD0,-,-,-,TIM8_CH4N,-,SPI2_NSS,-,-,-,FDCAN1_RX,-,-,FMC_D2/FMC_AD2,-,-,EVENTOUT
PD1,-,-,-,-,-,SPI2_SCK,-,-,-,FDCAN1_TX,-,-,FMC_D3/FMC_AD3,-,-,EVENTOUT
PD2,TRACED2,-,TIM3_ETR,-,-,-,-,USART3_RTS/USART3_DE,UART5_RX,TSC_SYNC,DCMI_D11/PSSI_D11,LPGPIO1_P7,SDMMC1_CMD,LPTIM4_ETR,-,EVENTOUT
PD3,-,-,-,SPI2_SCK,DCMI_D5/PSSI_D5,SPI2_MISO,MDF1_SDI0,USART2_CTS,-,-,OCTOSPIM_P2_NCS,-,FMC_CLK,-,-,EVENTOUT
PD4,-,-,-,-,-,SPI2_MOSI,MDF1_CKI0,USART2_RTS/USART2_DE,-,-,OCTOSPIM_P1_IO4,-,FMC_NOE,-,-,EVENTOUT
PD5,-,-,-,-,-,SPI2_RDY,-,USART2_TX,-,-,OCTOSPIM_P1_IO5,-,FMC_NWE,-,-,EVENTOUT
PD6,-,-,-,SAI1_D1,DCMI_D10/PSSI_D10,SPI3_MOSI,MDF1_SDI1,USART2_RX,-,-,OCTOSPIM_P1_IO6,SDMMC2_CK,FMC_NWAIT,SAI1_SD_A,-,EVENTOUT
PD7,-,-,-,-,-,-,MDF1_CKI1,USART2_CK,-,-,OCTOSPIM_P1_IO7,SDMMC2_CMD,FMC_NCE/FMC_NE1,LPTIM4_OUT,-,EVENTOUT
PD8,-,-,-,-,-,-,-,USART3_TX,-,-,DCMI_HSYNC/PSSI_DE,-,FMC_D13/FMC_AD13,-,-,EVENTOUT
PD9,-,-,LPTIM2_IN2,-,-,-,-,USART3_RX,-,-,DCMI_PIXCLK/PSSI_PDCK,-,FMC_D14/FMC_AD14,SAI2_MCLK_A,LPTIM3_IN1,EVENTOUT
PD10,-,-,LPTIM2_CH2,-,-,-,-,USART3_CK,-,TSC_G6_IO1,-,-,FMC_D15/FMC_AD15,SAI2_SCK_A,LPTIM3_ETR,EVENTOUT
PD11,-,-,-,-,I2C4_SMBA,-,-,USART3_CTS,-,TSC_G6_IO2,-,-,FMC_CLE/FMC_A16,SAI2_SD_A,LPTIM2_ETR,EVENTOUT
PD12,-,-,TIM4_CH1,-,I2C4_SCL,-,-,USART3_RTS/USART3_DE,-,TSC_G6_IO3,-,-,FMC_ALE/FMC_A17,SAI2_FS_A,LPTIM2_IN1,EVENTOUT
PD13,-,-,TIM4_CH2,-,I2C4_SDA,-,-,-,-,TSC_G6_IO4,-,LPGPIO1_P6,FMC_A18,LPTIM4_IN1,LPTIM2_CH1,EVENTOUT
PD14,-,-,TIM4_CH3,-,-,-,-,-,-,-,-,-,FMC_D0/FMC_AD0,-,LPTIM3_CH1,EVENTOUT
PD15,-,-,TIM4_CH4,-,-,-,-,-,-,-,-,-,FMC_D1/FMC_AD1,-,LPTIM3_CH2,EVENTOUT
,,,,,,,,,,,,,,,,
PE0,-,-,TIM4_ETR,-,-,-,-,-,-,-,DCMI_D2/PSSI_D2,LPGPIO1_P13,FMC_NBL0,-,TIM16_CH1,EVENTOUT
PE1,-,-,-,-,-,-,-,-,-,-,DCMI_D3/PSSI_D3,-,FMC_NBL1,-,TIM17_CH1,EVENTOUT
PE2,TRACECLK,-,TIM3_ETR,SAI1_CK1,-,-,-,-,-,TSC_G7_IO1,-,LPGPIO1_P14,FMC_A23,SAI1_MCLK_A,-,EVENTOUT
PE3,TRACED0,-,TIM3_CH1,OCTOSPIM_P1_DQS,-,-,-,-,-,TSC_G7_IO2,-,LPGPIO1_P15,FMC_A19,SAI1_SD_B,-,EVENTOUT
PE4,TRACED1,-,TIM3_CH2,SAI1_D2,-,-,MDF1_SDI3,-,-,TSC_G7_IO3,DCMI_D4/PSSI_D4,-,FMC_A20,SAI1_FS_A,-,EVENTOUT
PE5,TRACED2,-,TIM3_CH3,SAI1_CK2,-,-,MDF1_CKI3,-,-,TSC_G7_IO4,DCMI_D6/PSSI_D6,-,FMC_A21,SAI1_SCK_A,-,EVENTOUT
PE6,TRACED3,-,TIM3_CH4,SAI1_D1,-,-,-,-,-,-,DCMI_D7/PSSI_D7,-,FMC_A22,SAI1_SD_A,-,EVENTOUT
PE7,-,TIM1_ETR,-,-,-,-,MDF1_SDI2,-,-,-,-,-,FMC_D4/FMC_AD4,SAI1_SD_B,-,EVENTOUT
PE8,-,TIM1_CH1N,-,-,-,-,MDF1_CKI2,-,-,-,-,-,FMC_D5/FMC_AD5,SAI1_SCK_B,-,EVENTOUT
PE9,-,TIM1_CH1,-,ADF1_CCK0,-,-,MDF1_CCK0,-,-,-,OCTOSPIM_P1_NCLK,-,FMC_D6/FMC_AD6,SAI1_FS_B,-,EVENTOUT
PE10,-,TIM1_CH2N,-,ADF1_SDI0,-,-,MDF1_SDI4,-,-,TSC_G5_IO1,OCTOSPIM_P1_CLK,-,FMC_D7/FMC_AD7,SAI1_MCLK_B,-,EVENTOUT
PE11,-,TIM1_CH2,-,-,-,SPI1_RDY,MDF1_CKI4,-,-,TSC_G5_IO2,OCTOSPIM_P1_NCS,-,FMC_D8/FMC_AD8,-,-,EVENTOUT
PE12,-,TIM1_CH3N,-,-,-,SPI1_NSS,MDF1_SDI5,-,-,TSC_G5_IO3,OCTOSPIM_P1_IO0,-,FMC_D9/FMC_AD9,-,-,EVENTOUT
PE13,-,TIM1_CH3,-,-,-,SPI1_SCK,MDF1_CKI5,-,-,TSC_G5_IO4,OCTOSPIM_P1_IO1,-,FMC_D10/FMC_AD10,-,-,EVENTOUT
PE14,-,TIM1_CH4,TIM1_BKIN2,-,-,SPI1_MISO,-,-,-,-,OCTOSPIM_P1_IO2,-,FMC_D11/FMC_AD11,-,-,EVENTOUT
PE15,-,TIM1_BKIN,-,TIM1_CH4N,-,SPI1_MOSI,-,-,-,-,OCTOSPIM_P1_IO3,-,FMC_D12/FMC_AD12,-,-,EVENTOUT
,,,,,,,,,,,,,,,,
PF0,-,-,-,-,I2C2_SDA,OCTOSPIM_P2_IO0,-,-,-,-,-,-,FMC_A0,-,-,EVENTOUT
PF1,-,-,-,-,I2C2_SCL,OCTOSPIM_P2_IO1,-,-,-,-,-,-,FMC_A1,-,-,EVENTOUT
PF2,-,-,LPTIM3_CH2,-,I2C2_SMBA,OCTOSPIM_P2_IO2,-,-,-,-,-,-,FMC_A2,-,-,EVENTOUT
PF3,-,-,LPTIM3_IN1,-,-,OCTOSPIM_P2_IO3,-,-,-,-,-,-,FMC_A3,-,-,EVENTOUT
PF4,-,-,LPTIM3_ETR,-,-,OCTOSPIM_P2_CLK,-,-,-,-,-,-,FMC_A4,-,-,EVENTOUT
PF5,-,-,LPTIM3_CH1,-,-,OCTOSPIM_P2_NCLK,-,-,-,-,-,-,FMC_A5,-,-,EVENTOUT
PF6,-,TIM5_ETR,TIM5_CH1,-,DCMI_D12/PSSI_D12,OCTOSPIM_P2_NCS,-,-,-,-,OCTOSPIM_P1_IO3,-,-,SAI1_SD_B,-,EVENTOUT
PF7,-,-,TIM5_CH2,-,-,-,-,-,-,FDCAN1_RX,OCTOSPIM_P1_IO2,-,-,SAI1_MCLK_B,-,EVENTOUT
PF8,-,-,TIM5_CH3,-,PSSI_D14,-,-,-,-,FDCAN1_TX,OCTOSPIM_P1_IO0,-,-,SAI1_SCK_B,-,EVENTOUT
PF9,-,-,TIM5_CH4,-,PSSI_D15,-,-,-,-,-,OCTOSPIM_P1_IO1,-,-,SAI1_FS_B,TIM15_CH1,EVENTOUT
PF10,-,-,-,OCTOSPIM_P1_CLK,PSSI_D15,-,MDF1_CCK1,-,-,-,DCMI_D11/PSSI_D11,-,-,SAI1_D3,TIM15_CH2,EVENTOUT
PF11,-,-,-,OCTOSPIM_P1_NCLK,-,-,-,-,-,-,DCMI_D12/PSSI_D12,-,-,LPTIM4_IN1,-,EVENTOUT
PF12,-,-,-,-,-,OCTOSPIM_P2_DQS,-,-,-,-,-,-,FMC_A6,LPTIM4_ETR,-,EVENTOUT
PF13,-,-,-,-,I2C4_SMBA,-,-,-,-,-,-,UCPD1_FRSTX2,FMC_A7,LPTIM4_OUT,-,EVENTOUT
PF14,-,-,-,-,I2C4_SCL,-,-,-,-,TSC_G8_IO1,-,-,FMC_A8,-,-,EVENTOUT
PF15,-,-,-,-,I2C4_SDA,-,-,-,-,TSC_G8_IO2,-,-,FMC_A9,-,-,EVENTOUT
,,,,,,,,,,,,,,,,
PG0,-,-,-,-,-,OCTOSPIM_P2_IO4,-,-,-,TSC_G8_IO3,-,-,FMC_A10,-,-,EVENTOUT
PG1,-,-,-,-,-,OCTOSPIM_P2_IO5,-,-,-,TSC_G8_IO4,-,-,FMC_A11,-,-,EVENTOUT
PG2,-,-,-,-,-,SPI1_SCK,-,-,-,-,-,-,FMC_A12,SAI2_SCK_B,-,EVENTOUT
PG3,-,-,-,-,-,SPI1_MISO,-,-,-,-,-,-,FMC_A13,SAI2_FS_B,-,EVENTOUT
PG4,-,-,-,-,-,SPI1_MOSI,-,-,-,-,-,-,FMC_A14,SAI2_MCLK_B,-,EVENTOUT
PG5,-,-,-,-,-,SPI1_NSS,-,-,LPUART1_CTS,-,-,-,FMC_A15,SAI2_SD_B,-,EVENTOUT
PG6,-,-,-,OCTOSPIM_P1_DQS,I2C3_SMBA,SPI1_RDY,-,-,LPUART1_RTS/LPUART1_DE,-,-,UCPD1_FRSTX1,-,-,-,EVENTOUT
PG7,-,-,-,SAI1_CK1,I2C3_SCL,OCTOSPIM_P2_DQS,MDF1_CCK0,-,LPUART1_TX,-,-,UCPD1_FRSTX2,FMC_INT,SAI1_MCLK_A,-,EVENTOUT
PG8,-,-,-,-,I2C3_SDA,-,-,-,LPUART1_RX,-,-,-,-,-,-,EVENTOUT
PG9,-,-,-,-,-,OCTOSPIM_P2_IO6,SPI3_SCK,USART1_TX,-,-,-,-,FMC_NCE/FMC_NE2,SAI2_SCK_A,TIM15_CH1N,EVENTOUT
PG10,-,LPTIM1_IN1,-,-,-,OCTOSPIM_P2_IO7,SPI3_MISO,USART1_RX,-,-,-,-,FMC_NE3,SAI2_FS_A,TIM15_CH1,EVENTOUT
PG11,-,LPTIM1_IN2,-,OCTOSPIM_P1_IO5,-,-,SPI3_MOSI,USART1_CTS,-,-,-,-,-,SAI2_MCLK_A,TIM15_CH2,EVENTOUT
PG12,-,LPTIM1_ETR,-,-,-,OCTOSPIM_P2_NCS,SPI3_NSS,USART1_RTS/USART1_DE,-,-,-,-,FMC_NE4,SAI2_SD_A,-,EVENTOUT
PG13,-,-,-,-,I2C1_SDA,-,SPI3_RDY,USART1_CK,-,-,-,-,FMC_A24,-,-,EVENTOUT
PG14,-,LPTIM1_CH2,-,-,I2C1_SCL,-,-,-,-,-,-,-,FMC_A25,-,-,EVENTOUT
PG15,-,LPTIM1_CH1,-,-,I2C1_SMBA,OCTOSPIM_P2_DQS,-,-,-,-,DCMI_D13/PSSI_D13,-,-,-,-,EVENTOUT
,,,,,,,,,,,,,,,,
PH0,-,-,-,-,-,-,-,-,-,-,-,-,-,-,-,EVENTOUT
PH1,-,-,-,-,-,-,-,-,-,-,-,-,-,-,-,EVENTOUT
PH2,-,-,-,OCTOSPIM_P1_IO4,-,-,-,-,-,-,-,-,-,-,-,EVENTOUT
PH3,-,-,-,-,-,-,-,-,-,-,-,-,-,-,-,EVENTOUT
PH4,-,-,-,-,I2C2_SCL,OCTOSPIM_P2_DQS,-,-,-,-,PSSI_D14,-,-,-,-,EVENTOUT
PH5,-,-,-,-,I2C2_SDA,-,-,-,-,-,DCMI_PIXCLK/PSSI_PDCK,-,-,-,-,EVENTOUT
PH6,-,-,-,-,I2C2_SMBA,OCTOSPIM_P2_CLK,-,-,-,-,DCMI_D8/PSSI_D8,-,-,-,-,EVENTOUT
PH7,-,-,-,-,I2C3_SCL,OCTOSPIM_P2_NCLK,-,-,-,-,DCMI_D9/PSSI_D9,-,-,-,-,EVENTOUT
PH8,-,-,-,-,I2C3_SDA,OCTOSPIM_P2_IO3,-,-,-,-,DCMI_HSYNC/PSSI_DE,-,-,-,-,EVENTOUT
PH9,-,-,-,-,I2C3_SMBA,OCTOSPIM_P2_IO4,-,-,-,-,DCMI_D0/PSSI_D0,-,-,-,-,EVENTOUT
PH10,-,-,TIM5_CH1,-,-,OCTOSPIM_P2_IO5,-,-,-,-,DCMI_D1/PSSI_D1,-,-,-,-,EVENTOUT
PH11,-,-,TIM5_CH2,-,-,OCTOSPIM_P2_IO6,-,-,-,-,DCMI_D2/PSSI_D2,-,-,-,-,EVENTOUT
PH12,-,-,TIM5_CH3,TIM8_CH4N,-,OCTOSPIM_P2_IO7,-,-,-,-,DCMI_D3/PSSI_D3,-,-,-,-,EVENTOUT
PH13,-,-,-,TIM8_CH1N,-,-,-,-,-,FDCAN1_TX,-,-,-,-,-,EVENTOUT
PH14,-,-,-,TIM8_CH2N,-,-,-,-,-,FDCAN1_RX,DCMI_D4/PSSI_D4,-,-,-,-,EVENTOUT
PH15,-,-,-,TIM8_CH3N,-,OCTOSPIM_P2_IO6,-,-,-,-,DCMI_D11/PSSI_D11,-,-,-,-,EVENTOUT
,,,,,,,,,,,,,,,,
PI0,-,-,TIM5_CH4,OCTOSPIM_P1_IO5,-,SPI2_NSS,-,-,-,-,DCMI_D13/PSSI_D13,-,-,-,-,EVENTOUT
PI1,-,-,-,-,-,SPI2_SCK,OCTOSPIM_P2_IO2,-,-,-,DCMI_D8/PSSI_D8,-,-,-,-,EVENTOUT
PI2,-,-,-,TIM8_CH4,-,SPI2_MISO,OCTOSPIM_P2_IO1,-,-,-,DCMI_D9/PSSI_D9,-,-,-,-,EVENTOUT
PI3,-,-,-,TIM8_ETR,-,SPI2_MOSI,OCTOSPIM_P2_IO0,-,-,-,DCMI_D10/PSSI_D10,-,-,-,-,EVENTOUT
PI4,-,-,-,TIM8_BKIN,-,SPI2_RDY,-,-,-,-,DCMI_D5/PSSI_D5,-,-,-,-,EVENTOUT
PI5,-,-,-,TIM8_CH1,-,OCTOSPIM_P2_NCS,-,-,-,-,DCMI_VSYNC/PSSI_RDY,-,-,-,-,EVENTOUT
PI6,-,-,-,TIM8_CH2,-,OCTOSPIM_P2_CLK,-,-,-,-,DCMI_D6/PSSI_D6,-,-,-,-,EVENTOUT
PI7,-,-,-,TIM8_CH3,-,OCTOSPIM_P2_NCLK,-,-,-,-,DCMI_D7/PSSI_D7,-,-,-,-,EVENTOUT
